areaType,areaName,areaCode,date,newCasesBySpecimenDate,cumCasesBySpecimenDate,newFirstEpisodesBySpecimenDate,cumFirstEpisodesBySpecimenDate,newReinfectionsBySpecimenDate,cumReinfectionsBySpecimenDate
nation,England,E92000001,2022-06-30,13504,19144946,10512,18071090,2992,1073856
nation,England,E92000001,2022-06-29,20401,19131442,15989,18060578,4412,1070864
nation,England,E92000001,2022-06-28,21309,19111041,16881,18044589,4428,1066452
nation,England,E92000001,2022-06-27,21629,19089732,17051,18027708,4578,1062024
nation,England,E92000001,2022-06-26,17941,19068103,14315,18010657,3626,1057446
nation,England,E92000001,2022-06-25,14365,19050162,11750,17996342,2615,1053820
nation,England,E92000001,2022-06-24,15488,19035797,12550,17984592,2938,1051205
nation,England,E92000001,2022-06-23,16586,19020309,13390,17972042,3196,1048267
nation,England,E92000001,2022-06-22,17666,19003723,14373,17958652,3293,1045071
nation,England,E92000001,2022-06-21,17437,18986057,14111,17944279,3326,1041778
nation,England,E92000001,2022-06-20,16829,18968620,13527,17930168,3302,1038452
nation,England,E92000001,2022-06-19,14469,18951791,11807,17916641,2662,1035150
nation,England,E92000001,2022-06-18,11578,18937322,9603,17904834,1975,1032488
nation,England,E92000001,2022-06-17,11562,18925744,9555,17895231,2007,1030513
nation,England,E92000001,2022-06-16,11835,18914182,9587,17885676,2248,1028506
nation,England,E92000001,2022-06-15,12330,18902347,10053,17876089,2277,1026258
nation,England,E92000001,2022-06-14,12583,18890017,10333,17866036,2250,1023981
nation,England,E92000001,2022-06-13,12886,18877434,10410,17855703,2476,1021731
nation,England,E92000001,2022-06-12,10682,18864548,8803,17845293,1879,1019255
nation,England,E92000001,2022-06-11,8430,18853866,7011,17836490,1419,1017376
nation,England,E92000001,2022-06-10,9130,18845436,7617,17829479,1513,1015957
nation,England,E92000001,2022-06-09,9532,18836306,7848,17821862,1684,1014444
nation,England,E92000001,2022-06-08,9938,18826774,8170,17814014,1768,1012760
nation,England,E92000001,2022-06-07,9438,18816836,7771,17805844,1667,1010992
nation,England,E92000001,2022-06-06,9770,18807398,8025,17798073,1745,1009325
nation,England,E92000001,2022-06-05,8321,18797628,6910,17790048,1411,1007580
nation,England,E92000001,2022-06-04,6252,18789307,5334,17783138,918,1006169
nation,England,E92000001,2022-06-03,5557,18783055,4769,17777804,788,1005251
nation,England,E92000001,2022-06-02,5056,18777498,4309,17773035,747,1004463
nation,England,E92000001,2022-06-01,5690,18772442,4934,17768726,756,1003716
nation,England,E92000001,2022-05-31,5720,18766752,4891,17763792,829,1002960
nation,England,E92000001,2022-05-30,5911,18761032,5025,17758901,886,1002131
nation,England,E92000001,2022-05-29,4673,18755121,3979,17753876,694,1001245
nation,England,E92000001,2022-05-28,4140,18750448,3551,17749897,589,1000551
nation,England,E92000001,2022-05-27,4466,18746308,3800,17746346,666,999962
nation,England,E92000001,2022-05-26,4801,18741842,3985,17742546,816,999296
nation,England,E92000001,2022-05-25,5175,18737041,4290,17738561,885,998480
nation,England,E92000001,2022-05-24,5584,18731866,4642,17734271,942,997595
nation,England,E92000001,2022-05-23,6230,18726282,5106,17729629,1124,996653
nation,England,E92000001,2022-05-22,5141,18720052,4332,17724523,809,995529
nation,England,E92000001,2022-05-21,4226,18714911,3575,17720191,651,994720
nation,England,E92000001,2022-05-20,5024,18710685,4216,17716616,808,994069
nation,England,E92000001,2022-05-19,5762,18705661,4710,17712400,1052,993261
nation,England,E92000001,2022-05-18,6379,18699899,5308,17707690,1071,992209
nation,England,E92000001,2022-05-17,6809,18693520,5655,17702382,1154,991138
nation,England,E92000001,2022-05-16,7859,18686711,6432,17696727,1427,989984
nation,England,E92000001,2022-05-15,6700,18678852,5609,17690295,1091,988557
nation,England,E92000001,2022-05-14,5123,18672152,4298,17684686,825,987466
nation,England,E92000001,2022-05-13,5746,18667029,4867,17680388,879,986641
nation,England,E92000001,2022-05-12,6353,18661283,5320,17675521,1033,985762
nation,England,E92000001,2022-05-11,7239,18654930,6039,17670201,1200,984729
nation,England,E92000001,2022-05-10,8120,18647691,6743,17664162,1377,983529
nation,England,E92000001,2022-05-09,8853,18639571,7309,17657419,1544,982152
nation,England,E92000001,2022-05-08,7649,18630718,6402,17650110,1247,980608
nation,England,E92000001,2022-05-07,6353,18623069,5443,17643708,910,979361
nation,England,E92000001,2022-05-06,7491,18616716,6346,17638265,1145,978451
nation,England,E92000001,2022-05-05,8570,18609225,7192,17631919,1378,977306
nation,England,E92000001,2022-05-04,9771,18600655,8229,17624727,1542,975928
nation,England,E92000001,2022-05-03,11128,18590884,9280,17616498,1848,974386
nation,England,E92000001,2022-05-02,10320,18579756,8721,17607218,1599,972538
nation,England,E92000001,2022-05-01,7711,18569436,6630,17598497,1081,970939
nation,England,E92000001,2022-04-30,6866,18561725,5944,17591867,922,969858
nation,England,E92000001,2022-04-29,7977,18554859,6844,17585923,1133,968936
nation,England,E92000001,2022-04-28,9041,18546882,7704,17579079,1337,967803
nation,England,E92000001,2022-04-27,10108,18537841,8616,17571375,1492,966466
nation,England,E92000001,2022-04-26,11292,18527733,9629,17562759,1663,964974
nation,England,E92000001,2022-04-25,13409,18516441,11287,17553130,2122,963311
nation,England,E92000001,2022-04-24,11872,18503032,10252,17541843,1620,961189
nation,England,E92000001,2022-04-23,10569,18491160,9259,17531591,1310,959569
nation,England,E92000001,2022-04-22,12516,18480591,10840,17522332,1676,958259
nation,England,E92000001,2022-04-21,14509,18468075,12560,17511492,1949,956583
nation,England,E92000001,2022-04-20,16952,18453566,14752,17498932,2200,954634
nation,England,E92000001,2022-04-19,20579,18436614,17764,17484180,2815,952434
nation,England,E92000001,2022-04-18,20526,18416035,17836,17466416,2690,949619
nation,England,E92000001,2022-04-17,16261,18395509,14387,17448580,1874,946929
nation,England,E92000001,2022-04-16,16085,18379248,14354,17434193,1731,945055
nation,England,E92000001,2022-04-15,17300,18363163,15374,17419839,1926,943324
nation,England,E92000001,2022-04-14,21434,18345863,18975,17404465,2459,941398
nation,England,E92000001,2022-04-13,25493,18324429,22600,17385490,2893,938939
nation,England,E92000001,2022-04-12,27369,18298936,24166,17362890,3203,936046
nation,England,E92000001,2022-04-11,30588,18271567,26927,17338724,3661,932843
nation,England,E92000001,2022-04-10,25626,18240979,22855,17311797,2771,929182
nation,England,E92000001,2022-04-09,23008,18215353,20501,17288942,2507,926411
nation,England,E92000001,2022-04-08,27381,18192345,24298,17268441,3083,923904
nation,England,E92000001,2022-04-07,31727,18164964,27957,17244143,3770,920821
nation,England,E92000001,2022-04-06,36873,18133237,32583,17216186,4290,917051
nation,England,E92000001,2022-04-05,40371,18096364,35722,17183603,4649,912761
nation,England,E92000001,2022-04-04,45177,18055993,39835,17147881,5342,908112
nation,England,E92000001,2022-04-03,35620,18010816,31754,17108046,3866,902770
nation,England,E92000001,2022-04-02,31619,17975196,28267,17076292,3352,898904
nation,England,E92000001,2022-04-01,40369,17943577,35924,17048025,4445,895552
nation,England,E92000001,2022-03-31,45886,17903208,40703,17012101,5183,891107
nation,England,E92000001,2022-03-30,62777,17857322,55365,16971398,7412,885924
nation,England,E92000001,2022-03-29,67458,17794545,59389,16916033,8069,878512
nation,England,E92000001,2022-03-28,78955,17727087,69260,16856644,9695,870443
nation,England,E92000001,2022-03-27,57991,17648132,51339,16787384,6652,860748
nation,England,E92000001,2022-03-26,51782,17590141,46262,16736045,5520,854096
nation,England,E92000001,2022-03-25,60274,17538359,53567,16689783,6707,848576
nation,England,E92000001,2022-03-24,68617,17478085,60946,16636216,7671,841869
nation,England,E92000001,2022-03-23,77593,17409468,68830,16575270,8763,834198
nation,England,E92000001,2022-03-22,81852,17331875,72555,16506440,9297,825435
nation,England,E92000001,2022-03-21,89947,17250023,79386,16433885,10561,816138
nation,England,E92000001,2022-03-20,66917,17160076,59483,16354499,7434,805577
nation,England,E92000001,2022-03-19,55225,17093159,49591,16295016,5634,798143
nation,England,E92000001,2022-03-18,61921,17037934,55432,16245425,6489,792509
nation,England,E92000001,2022-03-17,67694,16976013,60470,16189993,7224,786020
nation,England,E92000001,2022-03-16,73979,16908319,66043,16129523,7936,778796
nation,England,E92000001,2022-03-15,74081,16834340,66251,16063480,7830,770860
nation,England,E92000001,2022-03-14,79549,16760259,70955,15997229,8594,763030
nation,England,E92000001,2022-03-13,60273,16680710,53993,15926274,6280,754436
nation,England,E92000001,2022-03-12,49163,16620437,44263,15872281,4900,748156
nation,England,E92000001,2022-03-11,52289,16571274,47074,15828018,5215,743256
nation,England,E92000001,2022-03-10,54301,16518985,48776,15780944,5525,738041
nation,England,E92000001,2022-03-09,55484,16464684,49867,15732168,5617,732516
nation,England,E92000001,2022-03-08,52357,16409200,47069,15682301,5288,726899
nation,England,E92000001,2022-03-07,51009,16356843,45565,15635232,5444,721611
nation,England,E92000001,2022-03-06,35911,16305834,32394,15589667,3517,716167
nation,England,E92000001,2022-03-05,28504,16269923,25908,15557273,2596,712650
nation,England,E92000001,2022-03-04,30595,16241419,27706,15531365,2889,710054
nation,England,E92000001,2022-03-03,31523,16210824,28478,15503659,3045,707165
nation,England,E92000001,2022-03-02,33352,16179301,30077,15475181,3275,704120
nation,England,E92000001,2022-03-01,31848,16145949,28971,15445104,2877,700845
nation,England,E92000001,2022-02-28,31856,16114101,28804,15416133,3052,697968
nation,England,E92000001,2022-02-27,22166,16082245,20134,15387329,2032,694916
nation,England,E92000001,2022-02-26,17606,16060079,16127,15367195,1479,692884
nation,England,E92000001,2022-02-25,19537,16042473,17769,15351068,1768,691405
nation,England,E92000001,2022-02-24,21870,16022936,19792,15333299,2078,689637
nation,England,E92000001,2022-02-23,25996,16001066,23607,15313507,2389,687559
nation,England,E92000001,2022-02-22,27977,15975070,25290,15289900,2687,685170
nation,England,E92000001,2022-02-21,33022,15947093,29901,15264610,3121,682483
nation,England,E92000001,2022-02-20,28375,15914071,25866,15234709,2509,679362
nation,England,E92000001,2022-02-19,26428,15885696,24155,15208843,2273,676853
nation,England,E92000001,2022-02-18,24919,15859268,22661,15184688,2258,674580
nation,England,E92000001,2022-02-17,34143,15834349,30930,15162027,3213,672322
nation,England,E92000001,2022-02-16,39421,15800206,35700,15131097,3721,669109
nation,England,E92000001,2022-02-15,40137,15760785,36331,15095397,3806,665388
nation,England,E92000001,2022-02-14,42433,15720648,38373,15059066,4060,661582
nation,England,E92000001,2022-02-13,32308,15678215,29320,15020693,2988,657522
nation,England,E92000001,2022-02-12,29042,15645907,26541,14991373,2501,654534
nation,England,E92000001,2022-02-11,34942,15616865,31723,14964832,3219,652033
nation,England,E92000001,2022-02-10,41319,15581923,37239,14933109,4080,648814
nation,England,E92000001,2022-02-09,50980,15540604,45929,14895870,5051,644734
nation,England,E92000001,2022-02-08,55408,15489624,49957,14849941,5451,639683
nation,England,E92000001,2022-02-07,62650,15434216,56275,14799984,6375,634232
nation,England,E92000001,2022-02-06,50132,15371566,45144,14743709,4988,627857
nation,England,E92000001,2022-02-05,43230,15321434,39303,14698565,3927,622869
nation,England,E92000001,2022-02-04,52480,15278204,47640,14659262,4840,618942
nation,England,E92000001,2022-02-03,64007,15225724,57715,14611622,6292,614102
nation,England,E92000001,2022-02-02,73891,15161717,66600,14553907,7291,607810
nation,England,E92000001,2022-02-01,78325,15087826,70314,14487307,8011,600519
nation,England,E92000001,2022-01-31,88374,15009501,79353,14416993,9021,592508
nation,England,E92000001,2022-01-30,74833,14921127,67444,14337640,7389,583487
nation,England,E92000001,2022-01-29,63014,14846294,57268,14270196,5746,576098
nation,England,E92000001,2022-01-28,71674,14783280,64854,14212928,6820,570352
nation,England,E92000001,2022-01-27,82707,14711606,74649,14148074,8058,563532
nation,England,E92000001,2022-01-26,93195,14628899,83977,14073425,9218,555474
nation,England,E92000001,2022-01-25,96915,14535704,87302,13989448,9613,546256
nation,England,E92000001,2022-01-24,109200,14438789,98245,13902146,10955,536643
nation,England,E92000001,2022-01-23,88520,14329589,80061,13803901,8459,525688
nation,England,E92000001,2022-01-22,70465,14241069,64172,13723840,6293,517229
nation,England,E92000001,2022-01-21,79004,14170604,71644,13659668,7360,510936
nation,England,E92000001,2022-01-20,86941,14091600,78882,13588024,8059,503576
nation,England,E92000001,2022-01-19,97322,14004659,88137,13509142,9185,495517
nation,England,E92000001,2022-01-18,103188,13907337,93369,13421005,9819,486332
nation,England,E92000001,2022-01-17,114763,13804149,103798,13327636,10965,476513
nation,England,E92000001,2022-01-16,85573,13689386,77665,13223838,7908,465548
nation,England,E92000001,2022-01-15,67804,13603813,62035,13146173,5769,457640
nation,England,E92000001,2022-01-14,75171,13536009,68439,13084138,6732,451871
nation,England,E92000001,2022-01-13,84123,13460838,76282,13015699,7841,445139
nation,England,E92000001,2022-01-12,89992,13376715,81426,12939417,8566,437298
nation,England,E92000001,2022-01-11,100962,13286723,91477,12857991,9485,428732
nation,England,E92000001,2022-01-10,116207,13185761,105141,12766514,11066,419247
nation,England,E92000001,2022-01-09,83058,13069554,75282,12661373,7776,408181
nation,England,E92000001,2022-01-08,81218,12986496,73712,12586091,7506,400405
nation,England,E92000001,2022-01-07,105074,12905278,94757,12512379,10317,392899
nation,England,E92000001,2022-01-06,150781,12800204,134861,12417622,15920,382582
nation,England,E92000001,2022-01-05,183770,12649423,164510,12282761,19260,366662
nation,England,E92000001,2022-01-04,234860,12465653,210570,12118251,24290,347402
nation,England,E92000001,2022-01-03,193599,12230793,173503,11907681,20096,323112
nation,England,E92000001,2022-01-02,148613,12037194,133956,11734178,14657,303016
nation,England,E92000001,2022-01-01,99236,11888581,90234,11600222,9002,288359
nation,England,E92000001,2021-12-31,152883,11789345,138916,11509988,13967,279357
nation,England,E92000001,2021-12-30,192823,11636462,175025,11371072,17798,265390
nation,England,E92000001,2021-12-29,224009,11443639,204396,11196047,19613,247592
nation,England,E92000001,2021-12-28,170573,11219630,155650,10991651,14923,227979
nation,England,E92000001,2021-12-27,155549,11049057,142540,10836001,13009,213056
nation,England,E92000001,2021-12-26,98905,10893508,91186,10693461,7719,200047
nation,England,E92000001,2021-12-25,59910,10794603,55561,10602275,4349,192328
nation,England,E92000001,2021-12-24,117560,10734693,108023,10546714,9537,187979
nation,England,E92000001,2021-12-23,137019,10617133,125437,10438691,11582,178442
nation,England,E92000001,2021-12-22,138124,10480114,126470,10313254,11654,166860
nation,England,E92000001,2021-12-21,129587,10341990,119004,10186784,10583,155206
nation,England,E92000001,2021-12-20,117557,10212403,108392,10067780,9165,144623
nation,England,E92000001,2021-12-19,78493,10094846,72708,9959388,5785,135458
nation,England,E92000001,2021-12-18,78926,10016353,73204,9886680,5722,129673
nation,England,E92000001,2021-12-17,84944,9937427,78626,9813476,6318,123951
nation,England,E92000001,2021-12-16,93790,9852483,86917,9734850,6873,117633
nation,England,E92000001,2021-12-15,99637,9758693,92580,9647933,7057,110760
nation,England,E92000001,2021-12-14,90687,9659056,84741,9555353,5946,103703
nation,England,E92000001,2021-12-13,76501,9568369,72502,9470612,3999,97757
nation,England,E92000001,2021-12-12,46360,9491868,44500,9398110,1860,93758
nation,England,E92000001,2021-12-11,41939,9445508,40517,9353610,1422,91898
nation,England,E92000001,2021-12-10,45005,9403569,43526,9313093,1479,90476
nation,England,E92000001,2021-12-09,48806,9358564,47238,9269567,1568,88997
nation,England,E92000001,2021-12-08,50037,9309758,48570,9222329,1467,87429
nation,England,E92000001,2021-12-07,48122,9259721,46880,9173759,1242,85962
nation,England,E92000001,2021-12-06,51094,9211599,49952,9126879,1142,84720
nation,England,E92000001,2021-12-05,35004,9160505,34420,9076927,584,83578
nation,England,E92000001,2021-12-04,33377,9125501,32834,9042507,543,82994
nation,England,E92000001,2021-12-03,39218,9092124,38620,9009673,598,82451
nation,England,E92000001,2021-12-02,43045,9052906,42392,8971053,653,81853
nation,England,E92000001,2021-12-01,47258,9009861,46556,8928661,702,81200
nation,England,E92000001,2021-11-30,47625,8962603,46939,8882105,686,80498
nation,England,E92000001,2021-11-29,47939,8914978,47188,8835166,751,79812
nation,England,E92000001,2021-11-28,33844,8867039,33387,8787978,457,79061
nation,England,E92000001,2021-11-27,28449,8833195,28070,8754591,379,78604
nation,England,E92000001,2021-11-26,33663,8804746,33209,8726521,454,78225
nation,England,E92000001,2021-11-25,37133,8771083,36577,8693312,556,77771
nation,England,E92000001,2021-11-24,39872,8733950,39304,8656735,568,77215
nation,England,E92000001,2021-11-23,41008,8694078,40476,8617431,532,76647
nation,England,E92000001,2021-11-22,42861,8653070,42301,8576955,560,76115
nation,England,E92000001,2021-11-21,31756,8610209,31353,8534654,403,75555
nation,England,E92000001,2021-11-20,29864,8578453,29494,8503301,370,75152
nation,England,E92000001,2021-11-19,33174,8548589,32762,8473807,412,74782
nation,England,E92000001,2021-11-18,37093,8515415,36601,8441045,492,74370
nation,England,E92000001,2021-11-17,38251,8478322,37765,8404444,486,73878
nation,England,E92000001,2021-11-16,38650,8440071,38105,8366679,545,73392
nation,England,E92000001,2021-11-15,42475,8401421,41890,8328574,585,72847
nation,England,E92000001,2021-11-14,29580,8358946,29221,8286684,359,72262
nation,England,E92000001,2021-11-13,27356,8329366,27040,8257463,316,71903
nation,England,E92000001,2021-11-12,31327,8302010,30906,8230423,421,71587
nation,England,E92000001,2021-11-11,33690,8270683,33223,8199517,467,71166
nation,England,E92000001,2021-11-10,35386,8236993,34906,8166294,480,70699
nation,England,E92000001,2021-11-09,34676,8201607,34201,8131388,475,70219
nation,England,E92000001,2021-11-08,36137,8166931,35602,8097187,535,69744
nation,England,E92000001,2021-11-07,25446,8130794,25103,8061585,343,69209
nation,England,E92000001,2021-11-06,22580,8105348,22278,8036482,302,68866
nation,England,E92000001,2021-11-05,24401,8082768,24035,8014204,366,68564
nation,England,E92000001,2021-11-04,27373,8058367,27027,7990169,346,68198
nation,England,E92000001,2021-11-03,29392,8030994,29011,7963142,381,67852
nation,England,E92000001,2021-11-02,31323,8001602,30906,7934131,417,67471
nation,England,E92000001,2021-11-01,37658,7970279,37108,7903225,550,67054
nation,England,E92000001,2021-10-31,29550,7932621,29152,7866117,398,66504
nation,England,E92000001,2021-10-30,28240,7903071,27949,7836965,291,66106
nation,England,E92000001,2021-10-29,33994,7874831,33561,7809016,433,65815
nation,England,E92000001,2021-10-28,35065,7840837,34634,7775455,431,65382
nation,England,E92000001,2021-10-27,36519,7805772,36096,7740821,423,64951
nation,England,E92000001,2021-10-26,35274,7769253,34859,7704725,415,64528
nation,England,E92000001,2021-10-25,39947,7733979,39447,7669866,500,64113
nation,England,E92000001,2021-10-24,30087,7694032,29742,7630419,345,63613
nation,England,E92000001,2021-10-23,29742,7663945,29414,7600677,328,63268
nation,England,E92000001,2021-10-22,34502,7634203,34083,7571263,419,62940
nation,England,E92000001,2021-10-21,38579,7599701,38110,7537180,469,62521
nation,England,E92000001,2021-10-20,43959,7561122,43478,7499070,481,62052
nation,England,E92000001,2021-10-19,44615,7517163,44090,7455592,525,61571
nation,England,E92000001,2021-10-18,49250,7472548,48648,7411502,602,61046
nation,England,E92000001,2021-10-17,37496,7423298,37115,7362854,381,60444
nation,England,E92000001,2021-10-16,31637,7385802,31299,7325739,338,60063
nation,England,E92000001,2021-10-15,36623,7354165,36245,7294440,378,59725
nation,England,E92000001,2021-10-14,39260,7317542,38777,7258195,483,59347
nation,England,E92000001,2021-10-13,40543,7278282,40091,7219418,452,58864
nation,England,E92000001,2021-10-12,40876,7237739,40380,7179327,496,58412
nation,England,E92000001,2021-10-11,43099,7196863,42640,7138947,459,57916
nation,England,E92000001,2021-10-10,31490,7153764,31150,7096307,340,57457
nation,England,E92000001,2021-10-09,27171,7122274,26856,7065157,315,57117
nation,England,E92000001,2021-10-08,29835,7095103,29480,7038301,355,56802
nation,England,E92000001,2021-10-07,32156,7065268,31787,7008821,369,56447
nation,England,E92000001,2021-10-06,32539,7033112,32169,6977034,370,56078
nation,England,E92000001,2021-10-05,32254,7000573,31860,6944865,394,55708
nation,England,E92000001,2021-10-04,36469,6968319,36077,6913005,392,55314
nation,England,E92000001,2021-10-03,27132,6931850,26844,6876928,288,54922
nation,England,E92000001,2021-10-02,21866,6904718,21648,6850084,218,54634
nation,England,E92000001,2021-10-01,24127,6882852,23849,6828436,278,54416
nation,England,E92000001,2021-09-30,26802,6858725,26497,6804587,305,54138
nation,England,E92000001,2021-09-29,28671,6831923,28360,6778090,311,53833
nation,England,E92000001,2021-09-28,29621,6803252,29258,6749730,363,53522
nation,England,E92000001,2021-09-27,34585,6773631,34153,6720472,432,53159
nation,England,E92000001,2021-09-26,26795,6739046,26458,6686319,337,52727
nation,England,E92000001,2021-09-25,23382,6712251,23112,6659861,270,52390
nation,England,E92000001,2021-09-24,25742,6688869,25414,6636749,328,52120
nation,England,E92000001,2021-09-23,28327,6663127,27925,6611335,402,51792
nation,England,E92000001,2021-09-22,28781,6634800,28427,6583410,354,51390
nation,England,E92000001,2021-09-21,30535,6606019,30168,6554983,367,51036
nation,England,E92000001,2021-09-20,32110,6575484,31703,6524815,407,50669
nation,England,E92000001,2021-09-19,24789,6543374,24478,6493112,311,50262
nation,England,E92000001,2021-09-18,20920,6518585,20666,6468634,254,49951
nation,England,E92000001,2021-09-17,22360,6497665,22098,6447968,262,49697
nation,England,E92000001,2021-09-16,22157,6475305,21886,6425870,271,49435
nation,England,E92000001,2021-09-15,22379,6453148,22114,6403984,265,49164
nation,England,E92000001,2021-09-14,22625,6430769,22326,6381870,299,48899
nation,England,E92000001,2021-09-13,25193,6408144,24863,6359544,330,48600
nation,England,E92000001,2021-09-12,17873,6382951,17636,6334681,237,48270
nation,England,E92000001,2021-09-11,16954,6365078,16737,6317045,217,48033
nation,England,E92000001,2021-09-10,21019,6348124,20723,6300308,296,47816
nation,England,E92000001,2021-09-09,24431,6327105,24111,6279585,320,47520
nation,England,E92000001,2021-09-08,25649,6302674,25258,6255474,391,47200
nation,England,E92000001,2021-09-07,27929,6277025,27575,6230216,354,46809
nation,England,E92000001,2021-09-06,33121,6249096,32670,6202641,451,46455
nation,England,E92000001,2021-09-05,23453,6215975,23156,6169971,297,46004
nation,England,E92000001,2021-09-04,23403,6192522,23134,6146815,269,45707
nation,England,E92000001,2021-09-03,28723,6169119,28360,6123681,363,45438
nation,England,E92000001,2021-09-02,30619,6140396,30211,6095321,408,45075
nation,England,E92000001,2021-09-01,31583,6109777,31200,6065110,383,44667
nation,England,E92000001,2021-08-31,33561,6078194,33119,6033910,442,44284
nation,England,E92000001,2021-08-30,24954,6044633,24630,6000791,324,43842
nation,England,E92000001,2021-08-29,19148,6019679,18905,5976161,243,43518
nation,England,E92000001,2021-08-28,20133,6000531,19898,5957256,235,43275
nation,England,E92000001,2021-08-27,24244,5980398,23944,5937358,300,43040
nation,England,E92000001,2021-08-26,26478,5956154,26111,5913414,367,42740
nation,England,E92000001,2021-08-25,27894,5929676,27538,5887303,356,42373
nation,England,E92000001,2021-08-24,28201,5901782,27825,5859765,376,42017
nation,England,E92000001,2021-08-23,30327,5873581,29942,5831940,385,41641
nation,England,E92000001,2021-08-22,22397,5843254,22145,5801998,252,41256
nation,England,E92000001,2021-08-21,22585,5820857,22323,5779853,262,41004
nation,England,E92000001,2021-08-20,25548,5798272,25227,5757530,321,40742
nation,England,E92000001,2021-08-19,29064,5772724,28660,5732303,404,40421
nation,England,E92000001,2021-08-18,31422,5743660,30975,5703643,447,40017
nation,England,E92000001,2021-08-17,31084,5712238,30615,5672668,469,39570
nation,England,E92000001,2021-08-16,30851,5681154,30413,5642053,438,39101
nation,England,E92000001,2021-08-15,21276,5650303,21015,5611640,261,38663
nation,England,E92000001,2021-08-14,21336,5629027,21102,5590625,234,38402
nation,England,E92000001,2021-08-13,24988,5607691,24665,5569523,323,38168
nation,England,E92000001,2021-08-12,27685,5582703,27299,5544858,386,37845
nation,England,E92000001,2021-08-11,29132,5555018,28775,5517559,357,37459
nation,England,E92000001,2021-08-10,27608,5525886,27214,5488784,394,37102
nation,England,E92000001,2021-08-09,28288,5498278,27869,5461570,419,36708
nation,England,E92000001,2021-08-08,20156,5469990,19899,5433701,257,36289
nation,England,E92000001,2021-08-07,19984,5449834,19704,5413802,280,36032
nation,England,E92000001,2021-08-06,24875,5429850,24522,5394098,353,35752
nation,England,E92000001,2021-08-05,28126,5404975,27757,5369576,369,35399
nation,England,E92000001,2021-08-04,28895,5376849,28497,5341819,398,35030
nation,England,E92000001,2021-08-03,27059,5347954,26692,5313322,367,34632
nation,England,E92000001,2021-08-02,26575,5320895,26192,5286630,383,34265
nation,England,E92000001,2021-08-01,18628,5294320,18385,5260438,243,33882
nation,England,E92000001,2021-07-31,18447,5275692,18169,5242053,278,33639
nation,England,E92000001,2021-07-30,22106,5257245,21784,5223884,322,33361
nation,England,E92000001,2021-07-29,25359,5235139,25009,5202100,350,33039
nation,England,E92000001,2021-07-28,26925,5209780,26568,5177091,357,32689
nation,England,E92000001,2021-07-27,26021,5182855,25645,5150523,376,32332
nation,England,E92000001,2021-07-26,26537,5156834,26168,5124878,369,31956
nation,England,E92000001,2021-07-25,19642,5130297,19390,5098710,252,31587
nation,England,E92000001,2021-07-24,20275,5110655,20012,5079320,263,31335
nation,England,E92000001,2021-07-23,24535,5090380,24231,5059308,304,31072
nation,England,E92000001,2021-07-22,27707,5065845,27378,5035077,329,30768
nation,England,E92000001,2021-07-21,31663,5038138,31278,5007699,385,30439
nation,England,E92000001,2021-07-20,35942,5006475,35410,4976421,532,30054
nation,England,E92000001,2021-07-19,43389,4970533,42806,4941011,583,29522
nation,England,E92000001,2021-07-18,33162,4927144,32763,4898205,399,28939
nation,England,E92000001,2021-07-17,35278,4893982,34901,4865442,377,28540
nation,England,E92000001,2021-07-16,51136,4858704,50514,4830541,622,28163
nation,England,E92000001,2021-07-15,57579,4807568,56820,4780027,759,27541
nation,England,E92000001,2021-07-14,50319,4749989,49650,4723207,669,26782
nation,England,E92000001,2021-07-13,43244,4699670,42654,4673557,590,26113
nation,England,E92000001,2021-07-12,40471,4656426,39951,4630903,520,25523
nation,England,E92000001,2021-07-11,27417,4615955,27130,4590952,287,25003
nation,England,E92000001,2021-07-10,25405,4588538,25109,4563822,296,24716
nation,England,E92000001,2021-07-09,29045,4563133,28688,4538713,357,24420
nation,England,E92000001,2021-07-08,29909,4534088,29518,4510025,391,24063
nation,England,E92000001,2021-07-07,34270,4504179,33809,4480507,461,23672
nation,England,E92000001,2021-07-06,31607,4469909,31181,4446698,426,23211
nation,England,E92000001,2021-07-05,30193,4438302,29741,4415517,452,22785
nation,England,E92000001,2021-07-04,21791,4408109,21509,4385776,282,22333
nation,England,E92000001,2021-07-03,20635,4386318,20362,4364267,273,22051
nation,England,E92000001,2021-07-02,22288,4365683,21956,4343905,332,21778
nation,England,E92000001,2021-07-01,24267,4343395,23838,4321949,429,21446
nation,England,E92000001,2021-06-30,23940,4319128,23591,4298111,349,21017
nation,England,E92000001,2021-06-29,23250,4295188,22880,4274520,370,20668
nation,England,E92000001,2021-06-28,23511,4271938,23077,4251640,434,20298
nation,England,E92000001,2021-06-27,15407,4248427,15150,4228563,257,19864
nation,England,E92000001,2021-06-26,13485,4233020,13272,4213413,213,19607
nation,England,E92000001,2021-06-25,14901,4219535,14626,4200141,275,19394
nation,England,E92000001,2021-06-24,15082,4204634,14813,4185515,269,19119
nation,England,E92000001,2021-06-23,14805,4189552,14523,4170702,282,18850
nation,England,E92000001,2021-06-22,13564,4174747,13316,4156179,248,18568
nation,England,E92000001,2021-06-21,12706,4161183,12484,4142863,222,18320
nation,England,E92000001,2021-06-20,8204,4148477,8066,4130379,138,18098
nation,England,E92000001,2021-06-19,7126,4140273,6989,4122313,137,17960
nation,England,E92000001,2021-06-18,8772,4133147,8565,4115324,207,17823
nation,England,E92000001,2021-06-17,9523,4124375,9293,4106759,230,17616
nation,England,E92000001,2021-06-16,9411,4114852,9240,4097466,171,17386
nation,England,E92000001,2021-06-15,9149,4105441,8931,4088226,218,17215
nation,England,E92000001,2021-06-14,8941,4096292,8766,4079295,175,16997
nation,England,E92000001,2021-06-13,6075,4087351,5957,4070529,118,16822
nation,England,E92000001,2021-06-12,5422,4081276,5310,4064572,112,16704
nation,England,E92000001,2021-06-11,6510,4075854,6375,4059262,135,16592
nation,England,E92000001,2021-06-10,6717,4069344,6582,4052887,135,16457
nation,England,E92000001,2021-06-09,6919,4062627,6794,4046305,125,16322
nation,England,E92000001,2021-06-08,6630,4055708,6476,4039511,154,16197
nation,England,E92000001,2021-06-07,6790,4049078,6648,4033035,142,16043
nation,England,E92000001,2021-06-06,4729,4042288,4640,4026387,89,15901
nation,England,E92000001,2021-06-05,3964,4037559,3909,4021747,55,15812
nation,England,E92000001,2021-06-04,4885,4033595,4797,4017838,88,15757
nation,England,E92000001,2021-06-03,5129,4028710,5017,4013041,112,15669
nation,England,E92000001,2021-06-02,5039,4023581,4951,4008024,88,15557
nation,England,E92000001,2021-06-01,4515,4018542,4390,4003073,125,15469
nation,England,E92000001,2021-05-31,3170,4014027,3089,3998683,81,15344
nation,England,E92000001,2021-05-30,2598,4010857,2551,3995594,47,15263
nation,England,E92000001,2021-05-29,2461,4008259,2419,3993043,42,15216
nation,England,E92000001,2021-05-28,2929,4005798,2853,3990624,76,15174
nation,England,E92000001,2021-05-27,3075,4002869,2990,3987771,85,15098
nation,England,E92000001,2021-05-26,3178,3999794,3098,3984781,80,15013
nation,England,E92000001,2021-05-25,2797,3996616,2712,3981683,85,14933
nation,England,E92000001,2021-05-24,2749,3993819,2658,3978971,91,14848
nation,England,E92000001,2021-05-23,1918,3991070,1863,3976313,55,14757
nation,England,E92000001,2021-05-22,1606,3989152,1553,3974450,53,14702
nation,England,E92000001,2021-05-21,1870,3987546,1820,3972897,50,14649
nation,England,E92000001,2021-05-20,2000,3985676,1934,3971077,66,14599
nation,England,E92000001,2021-05-19,2260,3983676,2193,3969143,67,14533
nation,England,E92000001,2021-05-18,2241,3981416,2165,3966950,76,14466
nation,England,E92000001,2021-05-17,2341,3979175,2264,3964785,77,14390
nation,England,E92000001,2021-05-16,1586,3976834,1541,3962521,45,14313
nation,England,E92000001,2021-05-15,1304,3975248,1269,3960980,35,14268
nation,England,E92000001,2021-05-14,1538,3973944,1480,3959711,58,14233
nation,England,E92000001,2021-05-13,1737,3972406,1679,3958231,58,14175
nation,England,E92000001,2021-05-12,1868,3970669,1797,3956552,71,14117
nation,England,E92000001,2021-05-11,1871,3968801,1805,3954755,66,14046
nation,England,E92000001,2021-05-10,2324,3966930,2259,3952950,65,13980
nation,England,E92000001,2021-05-09,1985,3964606,1915,3950691,70,13915
nation,England,E92000001,2021-05-08,1300,3962621,1259,3948776,41,13845
nation,England,E92000001,2021-05-07,1656,3961321,1598,3947517,58,13804
nation,England,E92000001,2021-05-06,1966,3959665,1883,3945919,83,13746
nation,England,E92000001,2021-05-05,2203,3957699,2109,3944036,94,13663
nation,England,E92000001,2021-05-04,2197,3955496,2118,3941927,79,13569
nation,England,E92000001,2021-05-03,1806,3953299,1752,3939809,54,13490
nation,England,E92000001,2021-05-02,1305,3951493,1257,3938057,48,13436
nation,England,E92000001,2021-05-01,1209,3950188,1166,3936800,43,13388
nation,England,E92000001,2021-04-30,1528,3948979,1456,3935634,72,13345
nation,England,E92000001,2021-04-29,1901,3947451,1818,3934178,83,13273
nation,England,E92000001,2021-04-28,2153,3945550,2080,3932360,73,13190
nation,England,E92000001,2021-04-27,1808,3943397,1749,3930280,59,13117
nation,England,E92000001,2021-04-26,2268,3941589,2163,3928531,105,13058
nation,England,E92000001,2021-04-25,1897,3939321,1831,3926368,66,12953
nation,England,E92000001,2021-04-24,1300,3937424,1256,3924537,44,12887
nation,England,E92000001,2021-04-23,1701,3936124,1626,3923281,75,12843
nation,England,E92000001,2021-04-22,2032,3934423,1944,3921655,88,12768
nation,England,E92000001,2021-04-21,2299,3932391,2216,3919711,83,12680
nation,England,E92000001,2021-04-20,2112,3930092,2005,3917495,107,12597
nation,England,E92000001,2021-04-19,2268,3927980,2181,3915490,87,12490
nation,England,E92000001,2021-04-18,2281,3925712,2213,3913309,68,12403
nation,England,E92000001,2021-04-17,1398,3923431,1361,3911096,37,12335
nation,England,E92000001,2021-04-16,1963,3922033,1902,3909735,61,12298
nation,England,E92000001,2021-04-15,1959,3920070,1885,3907833,74,12237
nation,England,E92000001,2021-04-14,2068,3918111,2009,3905948,59,12163
nation,England,E92000001,2021-04-13,2060,3916043,1981,3903939,79,12104
nation,England,E92000001,2021-04-12,2398,3913983,2316,3901958,82,12025
nation,England,E92000001,2021-04-11,2020,3911585,1983,3899642,37,11943
nation,England,E92000001,2021-04-10,2009,3909565,1972,3897659,37,11906
nation,England,E92000001,2021-04-09,2481,3907556,2419,3895687,62,11869
nation,England,E92000001,2021-04-08,2651,3905075,2573,3893268,78,11807
nation,England,E92000001,2021-04-07,2752,3902424,2688,3890695,64,11729
nation,England,E92000001,2021-04-06,2755,3899672,2679,3888007,76,11665
nation,England,E92000001,2021-04-05,2314,3896917,2269,3885328,45,11589
nation,England,E92000001,2021-04-04,2043,3894603,2006,3883059,37,11544
nation,England,E92000001,2021-04-03,2119,3892560,2093,3881053,26,11507
nation,England,E92000001,2021-04-02,2248,3890441,2212,3878960,36,11481
nation,England,E92000001,2021-04-01,3067,3888193,3015,3876748,52,11445
nation,England,E92000001,2021-03-31,3341,3885126,3285,3873733,56,11393
nation,England,E92000001,2021-03-30,3135,3881785,3079,3870448,56,11337
nation,England,E92000001,2021-03-29,3422,3878650,3363,3867369,59,11281
nation,England,E92000001,2021-03-28,4476,3875228,4415,3864006,61,11222
nation,England,E92000001,2021-03-27,3136,3870752,3097,3859591,39,11161
nation,England,E92000001,2021-03-26,3803,3867616,3756,3856494,47,11122
nation,England,E92000001,2021-03-25,4674,3863813,4609,3852738,65,11075
nation,England,E92000001,2021-03-24,5319,3859139,5250,3848129,69,11010
nation,England,E92000001,2021-03-23,4563,3853820,4501,3842879,62,10941
nation,England,E92000001,2021-03-22,5399,3849257,5340,3838378,59,10879
nation,England,E92000001,2021-03-21,4677,3843858,4628,3833038,49,10820
nation,England,E92000001,2021-03-20,3513,3839181,3483,3828410,30,10771
nation,England,E92000001,2021-03-19,4329,3835668,4274,3824927,55,10741
nation,England,E92000001,2021-03-18,4680,3831339,4649,3820653,31,10686
nation,England,E92000001,2021-03-17,5046,3826659,4999,3816004,47,10655
nation,England,E92000001,2021-03-16,4919,3821613,4875,3811005,44,10608
nation,England,E92000001,2021-03-15,5637,3816694,5583,3806130,54,10564
nation,England,E92000001,2021-03-14,3707,3811057,3676,3800547,31,10510
nation,England,E92000001,2021-03-13,3590,3807350,3561,3796871,29,10479
nation,England,E92000001,2021-03-12,4766,3803760,4729,3793310,37,10450
nation,England,E92000001,2021-03-11,4848,3798994,4809,3788581,39,10413
nation,England,E92000001,2021-03-10,5223,3794146,5165,3783772,58,10374
nation,England,E92000001,2021-03-09,5487,3788923,5408,3778607,79,10316
nation,England,E92000001,2021-03-08,5818,3783436,5733,3773199,85,10237
nation,England,E92000001,2021-03-07,3677,3777618,3648,3767466,29,10152
nation,England,E92000001,2021-03-06,3832,3773941,3809,3763818,23,10123
nation,England,E92000001,2021-03-05,4728,3770109,4678,3760009,50,10100
nation,England,E92000001,2021-03-04,5011,3765381,4956,3755331,55,10050
nation,England,E92000001,2021-03-03,5305,3760370,5250,3750375,55,9995
nation,England,E92000001,2021-03-02,5951,3755065,5855,3745125,96,9940
nation,England,E92000001,2021-03-01,6214,3749114,6085,3739270,129,9844
nation,England,E92000001,2021-02-28,4112,3742900,4080,3733185,32,9715
nation,England,E92000001,2021-02-27,4254,3738788,4230,3729105,24,9683
nation,England,E92000001,2021-02-26,5884,3734534,5830,3724875,54,9659
nation,England,E92000001,2021-02-25,6935,3728650,6832,3719045,103,9605
nation,England,E92000001,2021-02-24,7619,3721715,7524,3712213,95,9502
nation,England,E92000001,2021-02-23,8535,3714096,8423,3704689,112,9407
nation,England,E92000001,2021-02-22,10277,3705561,10117,3696266,160,9295
nation,England,E92000001,2021-02-21,7032,3695284,6984,3686149,48,9135
nation,England,E92000001,2021-02-20,7160,3688252,7112,3679165,48,9087
nation,England,E92000001,2021-02-19,9246,3681092,9138,3672053,108,9039
nation,England,E92000001,2021-02-18,10304,3671846,10207,3662915,97,8931
nation,England,E92000001,2021-02-17,10419,3661542,10315,3652708,104,8834
nation,England,E92000001,2021-02-16,11270,3651123,11171,3642393,99,8730
nation,England,E92000001,2021-02-15,12953,3639853,12804,3631222,149,8631
nation,England,E92000001,2021-02-14,7780,3626900,7743,3618418,37,8482
nation,England,E92000001,2021-02-13,8024,3619120,7984,3610675,40,8445
nation,England,E92000001,2021-02-12,10986,3611096,10893,3602691,93,8405
nation,England,E92000001,2021-02-11,11637,3600110,11567,3591798,70,8312
nation,England,E92000001,2021-02-10,12272,3588473,12173,3580231,99,8242
nation,England,E92000001,2021-02-09,12696,3576201,12591,3568058,105,8143
nation,England,E92000001,2021-02-08,14370,3563505,14268,3555467,102,8038
nation,England,E92000001,2021-02-07,10457,3549135,10420,3541199,37,7936
nation,England,E92000001,2021-02-06,10951,3538678,10910,3530779,41,7899
nation,England,E92000001,2021-02-05,14462,3527727,14372,3519869,90,7858
nation,England,E92000001,2021-02-04,16716,3513265,16628,3505497,88,7768
nation,England,E92000001,2021-02-03,17948,3496549,17850,3488869,98,7680
nation,England,E92000001,2021-02-02,18195,3478601,18101,3471019,94,7582
nation,England,E92000001,2021-02-01,20764,3460406,20671,3452918,93,7488
nation,England,E92000001,2021-01-31,14138,3439642,14089,3432247,49,7395
nation,England,E92000001,2021-01-30,15524,3425504,15463,3418158,61,7346
nation,England,E92000001,2021-01-29,20362,3409980,20276,3402695,86,7285
nation,England,E92000001,2021-01-28,22522,3389618,22427,3382419,95,7199
nation,England,E92000001,2021-01-27,23899,3367096,23805,3359992,94,7104
nation,England,E92000001,2021-01-26,25210,3343197,25085,3336187,125,7010
nation,England,E92000001,2021-01-25,27971,3317987,27850,3311102,121,6885
nation,England,E92000001,2021-01-24,15883,3290016,15850,3283252,33,6764
nation,England,E92000001,2021-01-23,20425,3274133,20364,3267402,61,6731
nation,England,E92000001,2021-01-22,27741,3253708,27643,3247038,98,6670
nation,England,E92000001,2021-01-21,29632,3225967,29517,3219395,115,6572
nation,England,E92000001,2021-01-20,32678,3196335,32545,3189878,133,6457
nation,England,E92000001,2021-01-19,37056,3163657,36894,3157333,162,6324
nation,England,E92000001,2021-01-18,41934,3126601,41757,3120439,177,6162
nation,England,E92000001,2021-01-17,26976,3084667,26904,3078682,72,5985
nation,England,E92000001,2021-01-16,28411,3057691,28333,3051778,78,5913
nation,England,E92000001,2021-01-15,37877,3029280,37758,3023445,119,5835
nation,England,E92000001,2021-01-14,39659,2991403,39526,2985687,133,5716
nation,England,E92000001,2021-01-13,42300,2951744,42195,2946161,105,5583
nation,England,E92000001,2021-01-12,45968,2909444,45798,2903966,170,5478
nation,England,E92000001,2021-01-11,53518,2863476,53343,2858168,175,5308
nation,England,E92000001,2021-01-10,33749,2809958,33692,2804825,57,5133
nation,England,E92000001,2021-01-09,36419,2776209,36348,2771133,71,5076
nation,England,E92000001,2021-01-08,43493,2739790,43380,2734785,113,5005
nation,England,E92000001,2021-01-07,48132,2696297,48018,2691405,114,4892
nation,England,E92000001,2021-01-06,52751,2648165,52621,2643387,130,4778
nation,England,E92000001,2021-01-05,59597,2595414,59424,2590766,173,4648
nation,England,E92000001,2021-01-04,70918,2535817,70759,2531342,159,4475
nation,England,E92000001,2021-01-03,50661,2464899,50596,2460583,65,4316
nation,England,E92000001,2021-01-02,55428,2414238,55345,2409987,83,4251
nation,England,E92000001,2021-01-01,28879,2358810,28836,2354642,43,4168
nation,England,E92000001,2020-12-31,47822,2329931,47758,2325806,64,4125
nation,England,E92000001,2020-12-30,64243,2282109,64131,2278048,112,4061
nation,England,E92000001,2020-12-29,74056,2217866,73924,2213917,132,3949
nation,England,E92000001,2020-12-28,40844,2143810,40797,2139993,47,3817
nation,England,E92000001,2020-12-27,43249,2102966,43199,2099196,50,3770
nation,England,E92000001,2020-12-26,37461,2059717,37420,2055997,41,3720
nation,England,E92000001,2020-12-25,12926,2022256,12906,2018577,20,3679
nation,England,E92000001,2020-12-24,29286,2009330,29243,2005671,43,3659
nation,England,E92000001,2020-12-23,38383,1980044,38326,1976428,57,3616
nation,England,E92000001,2020-12-22,41741,1941661,41658,1938102,83,3559
nation,England,E92000001,2020-12-21,43446,1899920,43383,1896444,63,3476
nation,England,E92000001,2020-12-20,29554,1856474,29521,1853061,33,3413
nation,England,E92000001,2020-12-19,22195,1826920,22167,1823540,28,3380
nation,England,E92000001,2020-12-18,32424,1804725,32378,1801373,46,3352
nation,England,E92000001,2020-12-17,30162,1772301,30117,1768995,45,3306
nation,England,E92000001,2020-12-16,30661,1742139,30620,1738878,41,3261
nation,England,E92000001,2020-12-15,29688,1711478,29645,1708258,43,3220
nation,England,E92000001,2020-12-14,30043,1681790,29997,1678613,46,3177
nation,England,E92000001,2020-12-13,18422,1651747,18403,1648616,19,3131
nation,England,E92000001,2020-12-12,16272,1633325,16245,1630213,27,3112
nation,England,E92000001,2020-12-11,20212,1617053,20176,1613968,36,3085
nation,England,E92000001,2020-12-10,18861,1596841,18830,1593792,31,3049
nation,England,E92000001,2020-12-09,17772,1577980,17735,1574962,37,3018
nation,England,E92000001,2020-12-08,16969,1560208,16933,1557227,36,2981
nation,England,E92000001,2020-12-07,17722,1543239,17680,1540294,42,2945
nation,England,E92000001,2020-12-06,11070,1525517,11055,1522614,15,2903
nation,England,E92000001,2020-12-05,10326,1514447,10319,1511559,7,2888
nation,England,E92000001,2020-12-04,13097,1504121,13076,1501240,21,2881
nation,England,E92000001,2020-12-03,12828,1491024,12796,1488164,32,2860
nation,England,E92000001,2020-12-02,13734,1478196,13700,1475368,34,2828
nation,England,E92000001,2020-12-01,13793,1464462,13761,1461668,32,2794
nation,England,E92000001,2020-11-30,15295,1450669,15268,1447907,27,2762
nation,England,E92000001,2020-11-29,9090,1435374,9077,1432639,13,2735
nation,England,E92000001,2020-11-28,9366,1426284,9351,1423562,15,2722
nation,England,E92000001,2020-11-27,12502,1416918,12478,1414211,24,2707
nation,England,E92000001,2020-11-26,12515,1404416,12490,1401733,25,2683
nation,England,E92000001,2020-11-25,14198,1391901,14169,1389243,29,2658
nation,England,E92000001,2020-11-24,14292,1377703,14262,1375074,30,2629
nation,England,E92000001,2020-11-23,16530,1363411,16507,1360812,23,2599
nation,England,E92000001,2020-11-22,10234,1346881,10223,1344305,11,2576
nation,England,E92000001,2020-11-21,10829,1336647,10816,1334082,13,2565
nation,England,E92000001,2020-11-20,14994,1325818,14966,1323266,28,2552
nation,England,E92000001,2020-11-19,15830,1310824,15808,1308300,22,2524
nation,England,E92000001,2020-11-18,18587,1294994,18551,1292492,36,2502
nation,England,E92000001,2020-11-17,20720,1276407,20692,1273941,28,2466
nation,England,E92000001,2020-11-16,24190,1255687,24157,1253249,33,2438
nation,England,E92000001,2020-11-15,14447,1231497,14434,1229092,13,2405
nation,England,E92000001,2020-11-14,16325,1217050,16309,1214658,16,2392
nation,England,E92000001,2020-11-13,22058,1200725,22031,1198349,27,2376
nation,England,E92000001,2020-11-12,22370,1178667,22337,1176318,33,2349
nation,England,E92000001,2020-11-11,25100,1156297,25068,1153981,32,2316
nation,England,E92000001,2020-11-10,24875,1131197,24838,1128913,37,2284
nation,England,E92000001,2020-11-09,28606,1106322,28559,1104075,47,2247
nation,England,E92000001,2020-11-08,18280,1077716,18261,1075516,19,2200
nation,England,E92000001,2020-11-07,16906,1059436,16894,1057255,12,2181
nation,England,E92000001,2020-11-06,21234,1042530,21199,1040361,35,2169
nation,England,E92000001,2020-11-05,21245,1021296,21207,1019162,38,2134
nation,England,E92000001,2020-11-04,21081,1000051,21049,997955,32,2096
nation,England,E92000001,2020-11-03,22736,978970,22693,976906,43,2064
nation,England,E92000001,2020-11-02,28472,956234,28431,954213,41,2021
nation,England,E92000001,2020-11-01,13642,927762,13620,925782,22,1980
nation,England,E92000001,2020-10-31,14594,914120,14577,912162,17,1958
nation,England,E92000001,2020-10-30,19905,899526,19877,897585,28,1941
nation,England,E92000001,2020-10-29,20292,879621,20258,877708,34,1913
nation,England,E92000001,2020-10-28,20553,859329,20529,857450,24,1879
nation,England,E92000001,2020-10-27,20771,838776,20750,836921,21,1855
nation,England,E92000001,2020-10-26,23033,818005,23008,816171,25,1834
nation,England,E92000001,2020-10-25,13363,794972,13353,793163,10,1809
nation,England,E92000001,2020-10-24,13743,781609,13724,779810,19,1799
nation,England,E92000001,2020-10-23,18379,767866,18348,766086,31,1780
nation,England,E92000001,2020-10-22,19888,749487,19869,747738,19,1749
nation,England,E92000001,2020-10-21,21833,729599,21806,727869,27,1730
nation,England,E92000001,2020-10-20,21705,707766,21656,706063,49,1703
nation,England,E92000001,2020-10-19,22423,686061,22394,684407,29,1654
nation,England,E92000001,2020-10-18,12001,663638,11985,662013,16,1625
nation,England,E92000001,2020-10-17,12493,651637,12478,650028,15,1609
nation,England,E92000001,2020-10-16,14784,639144,14751,637550,33,1594
nation,England,E92000001,2020-10-15,15461,624360,15426,622799,35,1561
nation,England,E92000001,2020-10-14,16659,608899,16639,607373,20,1526
nation,England,E92000001,2020-10-13,15679,592240,15644,590734,35,1506
nation,England,E92000001,2020-10-12,16459,576561,16433,575090,26,1471
nation,England,E92000001,2020-10-11,9792,560102,9783,558657,9,1445
nation,England,E92000001,2020-10-10,10305,550310,10291,548874,14,1436
nation,England,E92000001,2020-10-09,13169,540005,13141,538583,28,1422
nation,England,E92000001,2020-10-08,15454,526836,15436,525442,18,1394
nation,England,E92000001,2020-10-07,15420,511382,15389,510006,31,1376
nation,England,E92000001,2020-10-06,14458,495962,14430,494617,28,1345
nation,England,E92000001,2020-10-05,14220,481504,14186,480187,34,1317
nation,England,E92000001,2020-10-04,9967,467284,9958,466001,9,1283
nation,England,E92000001,2020-10-03,9820,457317,9810,456043,10,1274
nation,England,E92000001,2020-10-02,11719,447497,11692,446233,27,1264
nation,England,E92000001,2020-10-01,11445,435778,11417,434541,28,1237
nation,England,E92000001,2020-09-30,10663,424333,10632,423124,31,1209
nation,England,E92000001,2020-09-29,8833,413670,8798,412492,35,1178
nation,England,E92000001,2020-09-28,8641,404837,8625,403694,16,1143
nation,England,E92000001,2020-09-27,6084,396196,6075,395069,9,1127
nation,England,E92000001,2020-09-26,5703,390112,5698,388994,5,1118
nation,England,E92000001,2020-09-25,6105,384409,6090,383296,15,1113
nation,England,E92000001,2020-09-24,6361,378304,6340,377206,21,1098
nation,England,E92000001,2020-09-23,5933,371943,5913,370866,20,1077
nation,England,E92000001,2020-09-22,5400,366010,5379,364953,21,1057
nation,England,E92000001,2020-09-21,4727,360610,4715,359574,12,1036
nation,England,E92000001,2020-09-20,4652,355883,4645,354859,7,1024
nation,England,E92000001,2020-09-19,4215,351231,4210,350214,5,1017
nation,England,E92000001,2020-09-18,4290,347016,4266,346004,24,1012
nation,England,E92000001,2020-09-17,3979,342726,3959,341738,20,988
nation,England,E92000001,2020-09-16,3778,338747,3753,337779,25,968
nation,England,E92000001,2020-09-15,3057,334969,3032,334026,25,943
nation,England,E92000001,2020-09-14,2941,331912,2915,330994,26,918
nation,England,E92000001,2020-09-13,1722,328971,1719,328079,3,892
nation,England,E92000001,2020-09-12,2224,327249,2216,326360,8,889
nation,England,E92000001,2020-09-11,2893,325025,2868,324144,25,881
nation,England,E92000001,2020-09-10,3143,322132,3123,321276,20,856
nation,England,E92000001,2020-09-09,2893,318989,2873,318153,20,836
nation,England,E92000001,2020-09-08,3071,316096,3035,315280,36,816
nation,England,E92000001,2020-09-07,3530,313025,3482,312245,48,780
nation,England,E92000001,2020-09-06,2079,309495,2069,308763,10,732
nation,England,E92000001,2020-09-05,2200,307416,2195,306694,5,722
nation,England,E92000001,2020-09-04,2637,305216,2605,304499,32,717
nation,England,E92000001,2020-09-03,2716,302579,2671,301894,45,685
nation,England,E92000001,2020-09-02,2696,299863,2643,299223,53,640
nation,England,E92000001,2020-09-01,1962,297167,1941,296580,21,587
nation,England,E92000001,2020-08-31,1279,295205,1272,294639,7,566
nation,England,E92000001,2020-08-30,987,293926,983,293367,4,559
nation,England,E92000001,2020-08-29,1051,292939,1047,292384,4,555
nation,England,E92000001,2020-08-28,1395,291888,1386,291337,9,551
nation,England,E92000001,2020-08-27,1356,290493,1330,289951,26,542
nation,England,E92000001,2020-08-26,1181,289137,1156,288621,25,516
nation,England,E92000001,2020-08-25,1085,287956,1069,287465,16,491
nation,England,E92000001,2020-08-24,1157,286871,1146,286396,11,475
nation,England,E92000001,2020-08-23,704,285714,701,285250,3,464
nation,England,E92000001,2020-08-22,732,285010,727,284549,5,461
nation,England,E92000001,2020-08-21,1031,284278,1014,283822,17,456
nation,England,E92000001,2020-08-20,1254,283247,1231,282808,23,439
nation,England,E92000001,2020-08-19,1109,281993,1086,281577,23,416
nation,England,E92000001,2020-08-18,955,280884,939,280491,16,393
nation,England,E92000001,2020-08-17,1159,279929,1150,279552,9,377
nation,England,E92000001,2020-08-16,534,278770,529,278402,5,368
nation,England,E92000001,2020-08-15,656,278236,655,277873,1,363
nation,England,E92000001,2020-08-14,1059,277580,1040,277218,19,362
nation,England,E92000001,2020-08-13,1036,276521,1030,276178,6,343
nation,England,E92000001,2020-08-12,1126,275485,1107,275148,19,337
nation,England,E92000001,2020-08-11,1247,274359,1221,274041,26,318
nation,England,E92000001,2020-08-10,1375,273112,1361,272820,14,292
nation,England,E92000001,2020-08-09,569,271737,565,271459,4,278
nation,England,E92000001,2020-08-08,648,271168,642,270894,6,274
nation,England,E92000001,2020-08-07,892,270520,881,270252,11,268
nation,England,E92000001,2020-08-06,1005,269628,991,269371,14,257
nation,England,E92000001,2020-08-05,974,268623,952,268380,22,243
nation,England,E92000001,2020-08-04,964,267649,937,267428,27,221
nation,England,E92000001,2020-08-03,963,266685,947,266491,16,194
nation,England,E92000001,2020-08-02,518,265722,514,265544,4,178
nation,England,E92000001,2020-08-01,508,265204,503,265030,5,174
nation,England,E92000001,2020-07-31,644,264696,635,264527,9,169
nation,England,E92000001,2020-07-30,879,264052,864,263892,15,160
nation,England,E92000001,2020-07-29,994,263173,979,263028,15,145
nation,England,E92000001,2020-07-28,796,262179,783,262049,13,130
nation,England,E92000001,2020-07-27,824,261383,814,261266,10,117
nation,England,E92000001,2020-07-26,518,260559,517,260452,1,107
nation,England,E92000001,2020-07-25,499,260041,496,259935,3,106
nation,England,E92000001,2020-07-24,720,259542,712,259439,8,103
nation,England,E92000001,2020-07-23,741,258822,736,258727,5,95
nation,England,E92000001,2020-07-22,764,258081,756,257991,8,90
nation,England,E92000001,2020-07-21,697,257317,691,257235,6,82
nation,England,E92000001,2020-07-20,769,256620,759,256544,10,76
nation,England,E92000001,2020-07-19,419,255851,414,255785,5,66
nation,England,E92000001,2020-07-18,473,255432,471,255371,2,61
nation,England,E92000001,2020-07-17,548,254959,547,254900,1,59
nation,England,E92000001,2020-07-16,644,254411,639,254353,5,58
nation,England,E92000001,2020-07-15,726,253767,722,253714,4,53
nation,England,E92000001,2020-07-14,661,253041,657,252992,4,49
nation,England,E92000001,2020-07-13,694,252380,694,252335,0,45
nation,England,E92000001,2020-07-12,351,251686,351,251641,0,45
nation,England,E92000001,2020-07-11,433,251335,429,251290,4,45
nation,England,E92000001,2020-07-10,524,250902,521,250861,3,41
nation,England,E92000001,2020-07-09,688,250378,682,250340,6,38
nation,England,E92000001,2020-07-08,682,249690,676,249658,6,32
nation,England,E92000001,2020-07-07,564,249008,561,248982,3,26
nation,England,E92000001,2020-07-06,664,248444,660,248421,4,23
nation,England,E92000001,2020-07-05,544,247780,543,247761,1,19
nation,England,E92000001,2020-07-04,385,247236,385,247218,0,18
nation,England,E92000001,2020-07-03,536,246851,535,246833,1,18
nation,England,E92000001,2020-07-02,561,246315,557,246298,4,17
nation,England,E92000001,2020-07-01,607,245754,604,245741,3,13
nation,England,E92000001,2020-06-30,578,245147,577,245137,1,10
nation,England,E92000001,2020-06-29,666,244569,664,244560,2,9
nation,England,E92000001,2020-06-28,413,243903,412,243896,1,7
nation,England,E92000001,2020-06-27,506,243490,504,243484,2,6
nation,England,E92000001,2020-06-26,640,242984,639,242980,1,4
nation,England,E92000001,2020-06-25,643,242344,643,242341,0,3
nation,England,E92000001,2020-06-24,732,241701,731,241698,1,3
nation,England,E92000001,2020-06-23,727,240969,726,240967,1,2
nation,England,E92000001,2020-06-22,821,240242,821,240241,0,1
nation,England,E92000001,2020-06-21,550,239421,550,239420,0,1
nation,England,E92000001,2020-06-20,626,238871,626,238870,0,1
nation,England,E92000001,2020-06-19,818,238245,817,238244,1,1
nation,England,E92000001,2020-06-18,938,237427,938,237427,,
nation,England,E92000001,2020-06-17,914,236489,914,236489,,
nation,England,E92000001,2020-06-16,996,235575,996,235575,,
nation,England,E92000001,2020-06-15,944,234579,944,234579,,
nation,England,E92000001,2020-06-14,752,233635,752,233635,,
nation,England,E92000001,2020-06-13,785,232883,785,232883,,
nation,England,E92000001,2020-06-12,938,232098,938,232098,,
nation,England,E92000001,2020-06-11,915,231160,915,231160,,
nation,England,E92000001,2020-06-10,1086,230245,1086,230245,,
nation,England,E92000001,2020-06-09,1066,229159,1066,229159,,
nation,England,E92000001,2020-06-08,990,228093,990,228093,,
nation,England,E92000001,2020-06-07,668,227103,668,227103,,
nation,England,E92000001,2020-06-06,723,226435,723,226435,,
nation,England,E92000001,2020-06-05,1020,225712,1020,225712,,
nation,England,E92000001,2020-06-04,1147,224692,1147,224692,,
nation,England,E92000001,2020-06-03,1251,223545,1251,223545,,
nation,England,E92000001,2020-06-02,1365,222294,1365,222294,,
nation,England,E92000001,2020-06-01,1319,220929,1319,220929,,
nation,England,E92000001,2020-05-31,984,219610,984,219610,,
nation,England,E92000001,2020-05-30,1010,218626,1010,218626,,
nation,England,E92000001,2020-05-29,1374,217616,1374,217616,,
nation,England,E92000001,2020-05-28,1575,216242,1575,216242,,
nation,England,E92000001,2020-05-27,1616,214667,1616,214667,,
nation,England,E92000001,2020-05-26,1461,213051,1461,213051,,
nation,England,E92000001,2020-05-25,1389,211590,1389,211590,,
nation,England,E92000001,2020-05-24,1206,210201,1206,210201,,
nation,England,E92000001,2020-05-23,1309,208995,1309,208995,,
nation,England,E92000001,2020-05-22,1798,207686,1798,207686,,
nation,England,E92000001,2020-05-21,2277,205888,2277,205888,,
nation,England,E92000001,2020-05-20,2359,203611,2359,203611,,
nation,England,E92000001,2020-05-19,2602,201252,2602,201252,,
nation,England,E92000001,2020-05-18,2226,198650,2226,198650,,
nation,England,E92000001,2020-05-17,1593,196424,1593,196424,,
nation,England,E92000001,2020-05-16,1781,194831,1781,194831,,
nation,England,E92000001,2020-05-15,2145,193050,2145,193050,,
nation,England,E92000001,2020-05-14,2222,190905,2222,190905,,
nation,England,E92000001,2020-05-13,2899,188683,2899,188683,,
nation,England,E92000001,2020-05-12,2940,185784,2940,185784,,
nation,England,E92000001,2020-05-11,3088,182844,3088,182844,,
nation,England,E92000001,2020-05-10,2013,179756,2013,179756,,
nation,England,E92000001,2020-05-09,1797,177743,1797,177743,,
nation,England,E92000001,2020-05-08,2622,175946,2622,175946,,
nation,England,E92000001,2020-05-07,3205,173324,3205,173324,,
nation,England,E92000001,2020-05-06,3264,170119,3264,170119,,
nation,England,E92000001,2020-05-05,3148,166855,3148,166855,,
nation,England,E92000001,2020-05-04,2851,163707,2851,163707,,
nation,England,E92000001,2020-05-03,2648,160856,2648,160856,,
nation,England,E92000001,2020-05-02,2762,158208,2762,158208,,
nation,England,E92000001,2020-05-01,4109,155446,4109,155446,,
nation,England,E92000001,2020-04-30,4314,151337,4314,151337,,
nation,England,E92000001,2020-04-29,4737,147023,4737,147023,,
nation,England,E92000001,2020-04-28,4113,142286,4113,142286,,
nation,England,E92000001,2020-04-27,4056,138173,4056,138173,,
nation,England,E92000001,2020-04-26,3137,134117,3137,134117,,
nation,England,E92000001,2020-04-25,3381,130980,3381,130980,,
nation,England,E92000001,2020-04-24,4352,127599,4352,127599,,
nation,England,E92000001,2020-04-23,4575,123247,4575,123247,,
nation,England,E92000001,2020-04-22,4812,118672,4812,118672,,
nation,England,E92000001,2020-04-21,3995,113860,3995,113860,,
nation,England,E92000001,2020-04-20,3698,109865,3698,109865,,
nation,England,E92000001,2020-04-19,3494,106167,3494,106167,,
nation,England,E92000001,2020-04-18,4141,102673,4141,102673,,
nation,England,E92000001,2020-04-17,4088,98532,4088,98532,,
nation,England,E92000001,2020-04-16,4360,94444,4360,94444,,
nation,England,E92000001,2020-04-15,4240,90084,4240,90084,,
nation,England,E92000001,2020-04-14,3568,85844,3568,85844,,
nation,England,E92000001,2020-04-13,3463,82276,3463,82276,,
nation,England,E92000001,2020-04-12,2958,78813,2958,78813,,
nation,England,E92000001,2020-04-11,3085,75855,3085,75855,,
nation,England,E92000001,2020-04-10,3590,72770,3590,72770,,
nation,England,E92000001,2020-04-09,4076,69180,4076,69180,,
nation,England,E92000001,2020-04-08,4315,65104,4315,65104,,
nation,England,E92000001,2020-04-07,4605,60789,4605,60789,,
nation,England,E92000001,2020-04-06,4407,56184,4407,56184,,
nation,England,E92000001,2020-04-05,3094,51777,3094,51777,,
nation,England,E92000001,2020-04-04,3405,48683,3405,48683,,
nation,England,E92000001,2020-04-03,4101,45278,4101,45278,,
nation,England,E92000001,2020-04-02,4097,41177,4097,41177,,
nation,England,E92000001,2020-04-01,4150,37080,4150,37080,,
nation,England,E92000001,2020-03-31,3816,32930,3816,32930,,
nation,England,E92000001,2020-03-30,3514,29114,3514,29114,,
nation,England,E92000001,2020-03-29,2449,25600,2449,25600,,
nation,England,E92000001,2020-03-28,2379,23151,2379,23151,,
nation,England,E92000001,2020-03-27,2672,20772,2672,20772,,
nation,England,E92000001,2020-03-26,2633,18100,2633,18100,,
nation,England,E92000001,2020-03-25,2284,15467,2284,15467,,
nation,England,E92000001,2020-03-24,2042,13183,2042,13183,,
nation,England,E92000001,2020-03-23,2011,11141,2011,11141,,
nation,England,E92000001,2020-03-22,1214,9130,1214,9130,,
nation,England,E92000001,2020-03-21,1038,7916,1038,7916,,
nation,England,E92000001,2020-03-20,1095,6878,1095,6878,,
nation,England,E92000001,2020-03-19,934,5783,934,5783,,
nation,England,E92000001,2020-03-18,911,4849,911,4849,,
nation,England,E92000001,2020-03-17,683,3938,683,3938,,
nation,England,E92000001,2020-03-16,552,3255,552,3255,,
nation,England,E92000001,2020-03-15,398,2703,398,2703,,
nation,England,E92000001,2020-03-14,315,2305,315,2305,,
nation,England,E92000001,2020-03-13,401,1990,401,1990,,
nation,England,E92000001,2020-03-12,421,1589,421,1589,,
nation,England,E92000001,2020-03-11,358,1168,358,1168,,
nation,England,E92000001,2020-03-10,229,810,229,810,,
nation,England,E92000001,2020-03-09,127,581,127,581,,
nation,England,E92000001,2020-03-08,50,454,50,454,,
nation,England,E92000001,2020-03-07,55,404,55,404,,
nation,England,E92000001,2020-03-06,74,349,74,349,,
nation,England,E92000001,2020-03-05,46,275,46,275,,
nation,England,E92000001,2020-03-04,49,229,49,229,,
nation,England,E92000001,2020-03-03,52,180,52,180,,
nation,England,E92000001,2020-03-02,40,128,40,128,,
nation,England,E92000001,2020-03-01,18,88,18,88,,
nation,England,E92000001,2020-02-29,4,70,4,70,,
nation,England,E92000001,2020-02-28,11,66,11,66,,
nation,England,E92000001,2020-02-27,7,55,7,55,,
nation,England,E92000001,2020-02-26,1,48,1,48,,
nation,England,E92000001,2020-02-25,3,47,3,47,,
nation,England,E92000001,2020-02-24,2,44,2,44,,
nation,England,E92000001,2020-02-23,6,42,6,42,,
nation,England,E92000001,2020-02-22,0,36,0,36,,
nation,England,E92000001,2020-02-21,2,36,2,36,,
nation,England,E92000001,2020-02-20,0,34,0,34,,
nation,England,E92000001,2020-02-19,0,34,0,34,,
nation,England,E92000001,2020-02-18,0,34,0,34,,
nation,England,E92000001,2020-02-17,1,34,1,34,,
nation,England,E92000001,2020-02-16,0,33,0,33,,
nation,England,E92000001,2020-02-15,0,33,0,33,,
nation,England,E92000001,2020-02-14,0,33,0,33,,
nation,England,E92000001,2020-02-13,1,33,1,33,,
nation,England,E92000001,2020-02-12,1,32,1,32,,
nation,England,E92000001,2020-02-11,4,31,4,31,,
nation,England,E92000001,2020-02-10,1,27,1,27,,
nation,England,E92000001,2020-02-09,1,26,1,26,,
nation,England,E92000001,2020-02-08,3,25,3,25,,
nation,England,E92000001,2020-02-07,0,22,0,22,,
nation,England,E92000001,2020-02-06,0,22,0,22,,
nation,England,E92000001,2020-02-05,1,22,1,22,,
nation,England,E92000001,2020-02-04,0,21,0,21,,
nation,England,E92000001,2020-02-03,19,21,19,21,,
nation,England,E92000001,2020-02-02,1,2,1,2,,
nation,England,E92000001,2020-02-01,0,1,0,1,,
nation,England,E92000001,2020-01-31,0,1,0,1,,
nation,England,E92000001,2020-01-30,1,1,1,1,,
